{
  "timestamp": "2026-03-02T07:26:56.378426",
  "best_params": {
    "lightgbm": {
      "split_year": 2015,
      "learning_rate": 0.11110870849306194,
      "num_leaves": 51,
      "max_depth": 10,
      "min_child_samples": 13,
      "reg_alpha": 0.5783368909723035,
      "reg_lambda": 5.481622102570345e-07,
      "subsample": 0.9443393093921816,
      "colsample_bytree": 0.6520076918915639,
      "n_estimators": 263
    },
    "xgboost": {
      "learning_rate": 0.01478936561466647,
      "max_depth": 9,
      "min_child_weight": 14,
      "reg_alpha": 1.463209727487218e-06,
      "reg_lambda": 8.795317109831149e-06,
      "subsample": 0.9295687454742989,
      "colsample_bytree": 0.8330451065490129,
      "n_estimators": 317
    },
    "catboost": {
      "learning_rate": 0.07947960370009104,
      "depth": 8,
      "l2_leaf_reg": 9.654024911563423e-07,
      "subsample": 0.7448330565133952,
      "iterations": 384
    }
  },
  "metrics": {
    "lightgbm": {
      "r2": 0.3740212340561655,
      "mse": 0.12999988997234913,
      "rmse": 0.36055497496546784,
      "mae": 0.10058485490105727,
      "baseline_r2": -0.013626274641418856,
      "baseline_mse": 0.21050443137282018,
      "baseline_rmse": 0.4588076191311781,
      "baseline_mae": 0.15935700215746382
    },
    "xgboost": {
      "r2": 0.3753619210661374,
      "mse": 0.1297214633335143,
      "rmse": 0.3601686595659238,
      "mae": 0.1008755107762674,
      "baseline_r2": -0.013626274641418856,
      "baseline_mse": 0.21050443137282018,
      "baseline_rmse": 0.4588076191311781,
      "baseline_mae": 0.15935700215746382
    },
    "catboost": {
      "r2": 0.3556145460129462,
      "mse": 0.13382249155335635,
      "rmse": 0.36581756594422354,
      "mae": 0.10211926463262763,
      "baseline_r2": -0.013626274641418856,
      "baseline_mse": 0.21050443137282018,
      "baseline_rmse": 0.4588076191311781,
      "baseline_mae": 0.15935700215746382
    },
    "ensemble": {
      "r2": 0.38105958560073905,
      "mse": 0.12853820312902356,
      "rmse": 0.3585222491408637,
      "mae": 0.09984686080115887,
      "baseline_r2": -0.013626274641418856,
      "baseline_rmse": 0.4588076191311781
    }
  },
  "features": [
    "Year",
    "meta_score",
    "user_review",
    "Global_Sales_mean_genre",
    "Global_Sales_mean_platform",
    "Year_Global_Sales_mean_genre",
    "Year_Global_Sales_mean_platform",
    "Cumulative_Sales_Genre",
    "Cumulative_Sales_Platform",
    "Publisher_encoded"
  ],
  "target": "Global_Sales",
  "log_transform": true,
  "random_state": 42
}