{
  "timestamp": "2026-02-27T20:32:14.232994",
  "best_params": {
    "lightgbm": {
      "split_year": 2015,
      "learning_rate": 0.24950292438859506,
      "num_leaves": 122,
      "max_depth": 12,
      "min_child_samples": 73,
      "reg_alpha": 4.339163978101165,
      "reg_lambda": 4.637465663142268e-05,
      "subsample": 0.6736217261996928,
      "colsample_bytree": 0.7977597907509897,
      "n_estimators": 620
    },
    "xgboost": {
      "learning_rate": 0.025650977005171917,
      "max_depth": 11,
      "min_child_weight": 29,
      "reg_alpha": 2.1779815965948683e-07,
      "reg_lambda": 0.022730765428866682,
      "subsample": 0.8185215108614047,
      "colsample_bytree": 0.7096301263268063,
      "n_estimators": 930
    },
    "catboost": {
      "learning_rate": 0.0397245188024576,
      "depth": 7,
      "l2_leaf_reg": 9.918742818475394,
      "subsample": 0.8982806582087066,
      "iterations": 978
    }
  },
  "metrics": {
    "lightgbm": {
      "r2": -3.2806184109384926,
      "mse": 1.0120224473901998,
      "rmse": 1.0059932640878864,
      "mae": 0.5044465302188101,
      "baseline_r2": -0.49528699471494386,
      "baseline_mse": 0.35351527715603653,
      "baseline_rmse": 0.5945715071848268,
      "baseline_mae": 0.48917202158317485
    },
    "xgboost": {
      "r2": -2.40321200652478,
      "mse": 0.8045863034719373,
      "rmse": 0.8969873485573457,
      "mae": 0.44193788301955206,
      "baseline_r2": -0.49528699471494386,
      "baseline_mse": 0.35351527715603653,
      "baseline_rmse": 0.5945715071848268,
      "baseline_mae": 0.48917202158317485
    },
    "catboost": {
      "r2": -1.6071207036975288,
      "mse": 0.6163746500868713,
      "rmse": 0.7850953127403522,
      "mae": 0.4337367336294707,
      "baseline_r2": -0.49528699471494386,
      "baseline_mse": 0.35351527715603653,
      "baseline_rmse": 0.5945715071848268,
      "baseline_mae": 0.48917202158317485
    },
    "ensemble": {
      "r2": -2.128767035082607,
      "mse": 0.7397021103462182,
      "rmse": 0.8600593644314434,
      "mae": 0.432859712460594,
      "baseline_r2": -0.49528699471494386,
      "baseline_rmse": 0.5945715071848268
    }
  },
  "features": [
    "Year",
    "meta_score",
    "user_review",
    "Global_Sales_mean_genre",
    "Global_Sales_mean_platform",
    "Year_Global_Sales_mean_genre",
    "Year_Global_Sales_mean_platform",
    "Cumulative_Sales_Genre",
    "Cumulative_Sales_Platform",
    "Publisher_encoded"
  ],
  "target": "Global_Sales",
  "random_state": 42
}